<?xml version="1.0" encoding="utf-8"?>
<Manifest>
  <Comments>
    <ConsoleVersion>4.0.16.0</ConsoleVersion>
    <Date>jueves, 1 de julio de 2021 03:03:33 p. m.</Date>
    <User>TERNIUM\C.APRESR</User>
  </Comments>
  <Contents>
    <Item fileName="00000070.xml" catalog="transactions" name="dhlviajeRegistrarSolicitudViaje" version="0.2" hasVersion="true" />
    <Item fileName="00000069.xml" catalog="transactions" name="dhlviajeEliminarViaje" version="0.2" hasVersion="true" />
    <Item fileName="00000068.xml" catalog="transactions" name="dhlviajeCrearViajeEnPreparacion" version="0.2" hasVersion="true" />
    <Item fileName="00000067.xml" catalog="transactions" name="dhlviajeConsultarViajes" version="0.3" hasVersion="true" />
    <Item fileName="00000066.xml" catalog="transactions" name="dhlviajeConsultarTurnos" version="0.2" hasVersion="true" />
    <Item fileName="00000065.xml" catalog="transactions" name="dhlviajeConsultarTransportistas" version="0.1" hasVersion="true" />
    <Item fileName="00000064.xml" catalog="transactions" name="dhlviajeConsultarOrdenes" version="0.3" hasVersion="true" />
    <Item fileName="00000063.xml" catalog="transactions" name="dhlviajeConsultarDetalleViajes" version="0.2" hasVersion="true" />
    <Item fileName="00000062.xml" catalog="transactions" name="dhlviajeConsultarClientesActivos" version="0.2" hasVersion="true" />
    <Item fileName="00000061.xml" catalog="transactions" name="dhlviajeConfirmarViaje" version="0.2" hasVersion="true" />
    <Item fileName="00000060.xml" catalog="transactions" name="dhlviajeAsignarTransportista" version="0.1" hasVersion="true" />
    <Item fileName="00000059.xml" catalog="transactions" name="dhlviajeAsignarConductor" version="0.1" hasVersion="true" />
    <Item fileName="00000058.xml" catalog="transactions" name="obtener-tipos-transporte" version="0.2" hasVersion="true" />
    <Item fileName="00000057.xml" catalog="transactions" name="modificacion-transporte-x-planta" version="0.2" hasVersion="true" />
    <Item fileName="00000056.xml" catalog="transactions" name="consulta-transportes" version="0.2" hasVersion="true" />
    <Item fileName="00000055.xml" catalog="transactions" name="consulta-transporte-x-planta" version="0.1" hasVersion="true" />
    <Item fileName="00000054.xml" catalog="transactions" name="consulta-transp-x-planta-origen-destino" version="0.1" hasVersion="true" />
    <Item fileName="00000053.xml" catalog="transactions" name="baja-transportes" version="0.2" hasVersion="true" />
    <Item fileName="00000052.xml" catalog="transactions" name="baja-transporte-x-planta" version="0.2" hasVersion="true" />
    <Item fileName="00000051.xml" catalog="transactions" name="alta-transporte-x-planta" version="0.4" hasVersion="true" />
    <Item fileName="00000050.xml" catalog="transactions" name="alta-transporte" version="0.3" hasVersion="true" />
    <Item fileName="00000049.xml" catalog="transactions" name="dhltransportistasSolicitud-camionesCrear" version="0.2" hasVersion="true" />
    <Item fileName="00000048.xml" catalog="transactions" name="dhltransportistasSolicitud-camiones" version="0.1" hasVersion="true" />
    <Item fileName="00000047.xml" catalog="transactions" name="dhltransportistasRecalcularSolicitudesTotales" version="0.1" hasVersion="true" />
    <Item fileName="00000046.xml" catalog="transactions" name="dhltransportistasPlanificacionPorOrigenYDestino" version="0.2" hasVersion="true" />
    <Item fileName="00000045.xml" catalog="transactions" name="dhltransportistasGuardarpublicar-solicitudcamiones" version="0.1" hasVersion="true" />
    <Item fileName="00000044.xml" catalog="transactions" name="dhltransportistasConsultarTiposSolicitud" version="0.1" hasVersion="true" />
    <Item fileName="00000043.xml" catalog="transactions" name="dhltransportistasConsultarSolicitudCamionesFiltro" version="0.1" hasVersion="true" />
    <Item fileName="00000042.xml" catalog="transactions" name="dhltransportistasConsultarPlantasporTipo" version="0.1" hasVersion="true" />
    <Item fileName="00000041.xml" catalog="transactions" name="dhltransportistasConsultarPlantasDestino" version="0.1" hasVersion="true" />
    <Item fileName="00000040.xml" catalog="transactions" name="dhltransportistasConsultarEstadosSolicitud" version="0.1" hasVersion="true" />
    <Item fileName="00000039.xml" catalog="transactions" name="dhltransportistasConsultar-solicitud-camiones" version="0.1" hasVersion="true" />
    <Item fileName="00000038.xml" catalog="transactions" name="dhltransportistasPlanificacion-savPlantasPorOrigen" version="0.4" hasVersion="true" />
    <Item fileName="00000037.xml" catalog="transactions" name="dhltransportistasPlanificacion-obtenerPlanificacio" version="0.1" hasVersion="true" />
    <Item fileName="00000036.xml" catalog="transactions" name="dhltransportistasPlanificacion-Obtener Planificaci" version="0.1" hasVersion="true" />
    <Item fileName="00000035.xml" catalog="transactions" name="dhltransportistasPlanificacion-getPlantasPorOrigen" version="0.1" hasVersion="true" />
    <Item fileName="00000034.xml" catalog="transactions" name="dhltransportistasPlanificacion-delPlantasPorOrigen" version="0.1" hasVersion="true" />
    <Item fileName="00000033.xml" catalog="transactions" name="dhltransportistasPlanificacion-calendario" version="0.1" hasVersion="true" />
    <Item fileName="00000032.xml" catalog="transactions" name="dhltransportistasPlanificacion-Alta Planificacion" version="0.1" hasVersion="true" />
    <Item fileName="00000031.xml" catalog="transactions" name="dhlKpiMenuHubLogistico" version="0.2" hasVersion="true" />
    <Item fileName="00000030.xml" catalog="transactions" name="dhltransportistasCupos-consulta" version="0.1" hasVersion="true" />
    <Item fileName="00000029.xml" catalog="transactions" name="dhltransportistasConsultarAcumuladoMensualEmpresaD" version="0.1" hasVersion="true" />
    <Item fileName="00000028.xml" catalog="transactions" name="dhltransportistasConsultarAcumuladoMensualEmpresa" version="0.1" hasVersion="true" />
    <Item fileName="00000027.xml" catalog="transactions" name="dhltransportistasConsultarAcumuladoMensual" version="0.2" hasVersion="true" />
    <Item fileName="00000026.xml" catalog="transactions" name="dhltransportistasUbicacion-contratos-filtros" version="0.1" hasVersion="true" />
    <Item fileName="00000025.xml" catalog="transactions" name="dhltransportistasUbicacion-contratos" version="0.1" hasVersion="true" />
    <Item fileName="00000024.xml" catalog="transactions" name="dhltransportistasEmpresasTransp-Contrato-Filtro" version="0.1" hasVersion="true" />
    <Item fileName="00000023.xml" catalog="transactions" name="dhltransportistasEmpresa-transportistas-contrato" version="0.2" hasVersion="true" />
    <Item fileName="00000022.xml" catalog="transactions" name="dhltransportistasCuposIndicador-consulta" version="0.1" hasVersion="true" />
    <Item fileName="00000021.xml" catalog="transactions" name="dhltransportistasCuposContratos-eliminar" version="0.1" hasVersion="true" />
    <Item fileName="00000020.xml" catalog="transactions" name="dhltransportistasCupos-contratos-registrar" version="0.2" hasVersion="true" />
    <Item fileName="00000019.xml" catalog="transactions" name="dhltransportistasCupos-consulta" version="0.1" hasVersion="true" />
    <Item fileName="00000018.xml" catalog="transactions" name="dhltransportistasContratosTipo-servicio" version="0.1" hasVersion="true" />
    <Item fileName="00000017.xml" catalog="transactions" name="dhltransportistasContratosSociedades" version="0.1" hasVersion="true" />
    <Item fileName="00000016.xml" catalog="transactions" name="dhltransportistasContratosContratos-por-filtro" version="0.1" hasVersion="true" />
    <Item fileName="00000015.xml" catalog="transactions" name="dhltransportistasContratos" version="0.2" hasVersion="true" />
    <Item fileName="00000014.xml" catalog="transactions" name="dhltransportistasContrato-posicionesCrear" version="0.2" hasVersion="true" />
    <Item fileName="00000013.xml" catalog="transactions" name="dhltransportistasContrato-posiciones" version="0.2" hasVersion="true" />
    <Item fileName="00000012.xml" catalog="transactions" name="dhlubicacionesUbicacionesPorFiltro" version="0.1" hasVersion="true" />
    <Item fileName="00000011.xml" catalog="transactions" name="dhlrestriccionesUbiSociedadPorUsuario" version="0.1" hasVersion="true" />
    <Item fileName="00000010.xml" catalog="transactions" name="dhlrestriccionesUbicacionesPorFiltro" version="0.1" hasVersion="true" />
    <Item fileName="00000009.xml" catalog="transactions" name="dhlrestriccionesTiposUbicacion" version="0.1" hasVersion="true" />
    <Item fileName="00000008.xml" catalog="transactions" name="dhlrestriccionesRestriccionCapacidadPlanta" version="0.1" hasVersion="true" />
    <Item fileName="00000007.xml" catalog="transactions" name="dhlrestriccionesRegistrarRecursos" version="0.1" hasVersion="true" />
    <Item fileName="00000006.xml" catalog="transactions" name="dhlrestriccionesRegistrarCapacidades" version="0.1" hasVersion="true" />
    <Item fileName="00000005.xml" catalog="transactions" name="dhlrestriccionesRegistrarBloqueadoTren" version="0.1" hasVersion="true" />
    <Item fileName="00000004.xml" catalog="transactions" name="dhlrestriccionesEliminarCapacidades" version="0.3" hasVersion="true" />
    <Item fileName="00000003.xml" catalog="transactions" name="dhlrestriccionesDiasSemana" version="0.1" hasVersion="true" />
    <Item fileName="00000002.xml" catalog="transactions" name="dhlrestriccionesConsultarRecursos" version="0.1" hasVersion="true" />
    <Item fileName="00000001.xml" catalog="transactions" name="dhlrestriccionesConsultarCapacidadPorUbicacion" version="0.2" hasVersion="true" />
    <Item fileName="00000000.xml" catalog="transactions" name="dhlrestriccionesConsultarBloqueadoTren" version="0.1" hasVersion="true" />
  </Contents>
</Manifest>